paramSetNum,N,g0,g1,kd,ha,hr,fa,fr
1,20,0.5,7,1,1e-05,1e-05,1e-05,1e-05
2,20,0.5,7,1,1e-05,1e-05,1e-05,0.001
3,20,0.5,7,1,1e-05,1e-05,1e-05,0.1
4,20,0.5,7,1,1e-05,1e-05,1e-05,1.0
5,20,0.5,7,1,1e-05,1e-05,1e-05,10.0
6,20,0.5,7,1,1e-05,1e-05,1e-05,1000.0
7,20,0.5,7,1,1e-05,1e-05,0.001,1e-05
8,20,0.5,7,1,1e-05,1e-05,0.001,0.001
9,20,0.5,7,1,1e-05,1e-05,0.001,0.1
10,20,0.5,7,1,1e-05,1e-05,0.001,1.0
11,20,0.5,7,1,1e-05,1e-05,0.001,10.0
12,20,0.5,7,1,1e-05,1e-05,0.001,1000.0
13,20,0.5,7,1,1e-05,1e-05,0.1,1e-05
14,20,0.5,7,1,1e-05,1e-05,0.1,0.001
15,20,0.5,7,1,1e-05,1e-05,0.1,0.1
16,20,0.5,7,1,1e-05,1e-05,0.1,1.0
17,20,0.5,7,1,1e-05,1e-05,0.1,10.0
18,20,0.5,7,1,1e-05,1e-05,0.1,1000.0
19,20,0.5,7,1,1e-05,1e-05,1.0,1e-05
20,20,0.5,7,1,1e-05,1e-05,1.0,0.001
21,20,0.5,7,1,1e-05,1e-05,1.0,0.1
22,20,0.5,7,1,1e-05,1e-05,1.0,1.0
23,20,0.5,7,1,1e-05,1e-05,1.0,10.0
24,20,0.5,7,1,1e-05,1e-05,1.0,1000.0
25,20,0.5,7,1,1e-05,1e-05,10.0,1e-05
26,20,0.5,7,1,1e-05,1e-05,10.0,0.001
27,20,0.5,7,1,1e-05,1e-05,10.0,0.1
28,20,0.5,7,1,1e-05,1e-05,10.0,1.0
29,20,0.5,7,1,1e-05,1e-05,10.0,10.0
30,20,0.5,7,1,1e-05,1e-05,10.0,1000.0
31,20,0.5,7,1,1e-05,1e-05,1000.0,1e-05
32,20,0.5,7,1,1e-05,1e-05,1000.0,0.001
33,20,0.5,7,1,1e-05,1e-05,1000.0,0.1
34,20,0.5,7,1,1e-05,1e-05,1000.0,1.0
35,20,0.5,7,1,1e-05,1e-05,1000.0,10.0
36,20,0.5,7,1,1e-05,1e-05,1000.0,1000.0
37,20,0.5,7,1,1e-05,0.001,1e-05,1e-05
38,20,0.5,7,1,1e-05,0.001,1e-05,0.001
39,20,0.5,7,1,1e-05,0.001,1e-05,0.1
40,20,0.5,7,1,1e-05,0.001,1e-05,1.0
41,20,0.5,7,1,1e-05,0.001,1e-05,10.0
42,20,0.5,7,1,1e-05,0.001,1e-05,1000.0
43,20,0.5,7,1,1e-05,0.001,0.001,1e-05
44,20,0.5,7,1,1e-05,0.001,0.001,0.001
45,20,0.5,7,1,1e-05,0.001,0.001,0.1
46,20,0.5,7,1,1e-05,0.001,0.001,1.0
47,20,0.5,7,1,1e-05,0.001,0.001,10.0
48,20,0.5,7,1,1e-05,0.001,0.001,1000.0
49,20,0.5,7,1,1e-05,0.001,0.1,1e-05
50,20,0.5,7,1,1e-05,0.001,0.1,0.001
51,20,0.5,7,1,1e-05,0.001,0.1,0.1
52,20,0.5,7,1,1e-05,0.001,0.1,1.0
53,20,0.5,7,1,1e-05,0.001,0.1,10.0
54,20,0.5,7,1,1e-05,0.001,0.1,1000.0
55,20,0.5,7,1,1e-05,0.001,1.0,1e-05
56,20,0.5,7,1,1e-05,0.001,1.0,0.001
57,20,0.5,7,1,1e-05,0.001,1.0,0.1
58,20,0.5,7,1,1e-05,0.001,1.0,1.0
59,20,0.5,7,1,1e-05,0.001,1.0,10.0
60,20,0.5,7,1,1e-05,0.001,1.0,1000.0
61,20,0.5,7,1,1e-05,0.001,10.0,1e-05
62,20,0.5,7,1,1e-05,0.001,10.0,0.001
63,20,0.5,7,1,1e-05,0.001,10.0,0.1
64,20,0.5,7,1,1e-05,0.001,10.0,1.0
65,20,0.5,7,1,1e-05,0.001,10.0,10.0
66,20,0.5,7,1,1e-05,0.001,10.0,1000.0
67,20,0.5,7,1,1e-05,0.001,1000.0,1e-05
68,20,0.5,7,1,1e-05,0.001,1000.0,0.001
69,20,0.5,7,1,1e-05,0.001,1000.0,0.1
70,20,0.5,7,1,1e-05,0.001,1000.0,1.0
71,20,0.5,7,1,1e-05,0.001,1000.0,10.0
72,20,0.5,7,1,1e-05,0.001,1000.0,1000.0
73,20,0.5,7,1,1e-05,0.1,1e-05,1e-05
74,20,0.5,7,1,1e-05,0.1,1e-05,0.001
75,20,0.5,7,1,1e-05,0.1,1e-05,0.1
76,20,0.5,7,1,1e-05,0.1,1e-05,1.0
77,20,0.5,7,1,1e-05,0.1,1e-05,10.0
78,20,0.5,7,1,1e-05,0.1,1e-05,1000.0
79,20,0.5,7,1,1e-05,0.1,0.001,1e-05
80,20,0.5,7,1,1e-05,0.1,0.001,0.001
81,20,0.5,7,1,1e-05,0.1,0.001,0.1
82,20,0.5,7,1,1e-05,0.1,0.001,1.0
83,20,0.5,7,1,1e-05,0.1,0.001,10.0
84,20,0.5,7,1,1e-05,0.1,0.001,1000.0
85,20,0.5,7,1,1e-05,0.1,0.1,1e-05
86,20,0.5,7,1,1e-05,0.1,0.1,0.001
87,20,0.5,7,1,1e-05,0.1,0.1,0.1
88,20,0.5,7,1,1e-05,0.1,0.1,1.0
89,20,0.5,7,1,1e-05,0.1,0.1,10.0
90,20,0.5,7,1,1e-05,0.1,0.1,1000.0
91,20,0.5,7,1,1e-05,0.1,1.0,1e-05
92,20,0.5,7,1,1e-05,0.1,1.0,0.001
93,20,0.5,7,1,1e-05,0.1,1.0,0.1
94,20,0.5,7,1,1e-05,0.1,1.0,1.0
95,20,0.5,7,1,1e-05,0.1,1.0,10.0
96,20,0.5,7,1,1e-05,0.1,1.0,1000.0
97,20,0.5,7,1,1e-05,0.1,10.0,1e-05
98,20,0.5,7,1,1e-05,0.1,10.0,0.001
99,20,0.5,7,1,1e-05,0.1,10.0,0.1
100,20,0.5,7,1,1e-05,0.1,10.0,1.0
101,20,0.5,7,1,1e-05,0.1,10.0,10.0
102,20,0.5,7,1,1e-05,0.1,10.0,1000.0
103,20,0.5,7,1,1e-05,0.1,1000.0,1e-05
104,20,0.5,7,1,1e-05,0.1,1000.0,0.001
105,20,0.5,7,1,1e-05,0.1,1000.0,0.1
106,20,0.5,7,1,1e-05,0.1,1000.0,1.0
107,20,0.5,7,1,1e-05,0.1,1000.0,10.0
108,20,0.5,7,1,1e-05,0.1,1000.0,1000.0
109,20,0.5,7,1,1e-05,1.0,1e-05,1e-05
110,20,0.5,7,1,1e-05,1.0,1e-05,0.001
111,20,0.5,7,1,1e-05,1.0,1e-05,0.1
112,20,0.5,7,1,1e-05,1.0,1e-05,1.0
113,20,0.5,7,1,1e-05,1.0,1e-05,10.0
114,20,0.5,7,1,1e-05,1.0,1e-05,1000.0
115,20,0.5,7,1,1e-05,1.0,0.001,1e-05
116,20,0.5,7,1,1e-05,1.0,0.001,0.001
117,20,0.5,7,1,1e-05,1.0,0.001,0.1
118,20,0.5,7,1,1e-05,1.0,0.001,1.0
119,20,0.5,7,1,1e-05,1.0,0.001,10.0
120,20,0.5,7,1,1e-05,1.0,0.001,1000.0
121,20,0.5,7,1,1e-05,1.0,0.1,1e-05
122,20,0.5,7,1,1e-05,1.0,0.1,0.001
123,20,0.5,7,1,1e-05,1.0,0.1,0.1
124,20,0.5,7,1,1e-05,1.0,0.1,1.0
125,20,0.5,7,1,1e-05,1.0,0.1,10.0
126,20,0.5,7,1,1e-05,1.0,0.1,1000.0
127,20,0.5,7,1,1e-05,1.0,1.0,1e-05
128,20,0.5,7,1,1e-05,1.0,1.0,0.001
129,20,0.5,7,1,1e-05,1.0,1.0,0.1
130,20,0.5,7,1,1e-05,1.0,1.0,1.0
131,20,0.5,7,1,1e-05,1.0,1.0,10.0
132,20,0.5,7,1,1e-05,1.0,1.0,1000.0
133,20,0.5,7,1,1e-05,1.0,10.0,1e-05
134,20,0.5,7,1,1e-05,1.0,10.0,0.001
135,20,0.5,7,1,1e-05,1.0,10.0,0.1
136,20,0.5,7,1,1e-05,1.0,10.0,1.0
137,20,0.5,7,1,1e-05,1.0,10.0,10.0
138,20,0.5,7,1,1e-05,1.0,10.0,1000.0
139,20,0.5,7,1,1e-05,1.0,1000.0,1e-05
140,20,0.5,7,1,1e-05,1.0,1000.0,0.001
141,20,0.5,7,1,1e-05,1.0,1000.0,0.1
142,20,0.5,7,1,1e-05,1.0,1000.0,1.0
143,20,0.5,7,1,1e-05,1.0,1000.0,10.0
144,20,0.5,7,1,1e-05,1.0,1000.0,1000.0
145,20,0.5,7,1,1e-05,10.0,1e-05,1e-05
146,20,0.5,7,1,1e-05,10.0,1e-05,0.001
147,20,0.5,7,1,1e-05,10.0,1e-05,0.1
148,20,0.5,7,1,1e-05,10.0,1e-05,1.0
149,20,0.5,7,1,1e-05,10.0,1e-05,10.0
150,20,0.5,7,1,1e-05,10.0,1e-05,1000.0
151,20,0.5,7,1,1e-05,10.0,0.001,1e-05
152,20,0.5,7,1,1e-05,10.0,0.001,0.001
153,20,0.5,7,1,1e-05,10.0,0.001,0.1
154,20,0.5,7,1,1e-05,10.0,0.001,1.0
155,20,0.5,7,1,1e-05,10.0,0.001,10.0
156,20,0.5,7,1,1e-05,10.0,0.001,1000.0
157,20,0.5,7,1,1e-05,10.0,0.1,1e-05
158,20,0.5,7,1,1e-05,10.0,0.1,0.001
159,20,0.5,7,1,1e-05,10.0,0.1,0.1
160,20,0.5,7,1,1e-05,10.0,0.1,1.0
161,20,0.5,7,1,1e-05,10.0,0.1,10.0
162,20,0.5,7,1,1e-05,10.0,0.1,1000.0
163,20,0.5,7,1,1e-05,10.0,1.0,1e-05
164,20,0.5,7,1,1e-05,10.0,1.0,0.001
165,20,0.5,7,1,1e-05,10.0,1.0,0.1
166,20,0.5,7,1,1e-05,10.0,1.0,1.0
167,20,0.5,7,1,1e-05,10.0,1.0,10.0
168,20,0.5,7,1,1e-05,10.0,1.0,1000.0
169,20,0.5,7,1,1e-05,10.0,10.0,1e-05
170,20,0.5,7,1,1e-05,10.0,10.0,0.001
171,20,0.5,7,1,1e-05,10.0,10.0,0.1
172,20,0.5,7,1,1e-05,10.0,10.0,1.0
173,20,0.5,7,1,1e-05,10.0,10.0,10.0
174,20,0.5,7,1,1e-05,10.0,10.0,1000.0
175,20,0.5,7,1,1e-05,10.0,1000.0,1e-05
176,20,0.5,7,1,1e-05,10.0,1000.0,0.001
177,20,0.5,7,1,1e-05,10.0,1000.0,0.1
178,20,0.5,7,1,1e-05,10.0,1000.0,1.0
179,20,0.5,7,1,1e-05,10.0,1000.0,10.0
180,20,0.5,7,1,1e-05,10.0,1000.0,1000.0
181,20,0.5,7,1,1e-05,1000.0,1e-05,1e-05
182,20,0.5,7,1,1e-05,1000.0,1e-05,0.001
183,20,0.5,7,1,1e-05,1000.0,1e-05,0.1
184,20,0.5,7,1,1e-05,1000.0,1e-05,1.0
185,20,0.5,7,1,1e-05,1000.0,1e-05,10.0
186,20,0.5,7,1,1e-05,1000.0,1e-05,1000.0
187,20,0.5,7,1,1e-05,1000.0,0.001,1e-05
188,20,0.5,7,1,1e-05,1000.0,0.001,0.001
189,20,0.5,7,1,1e-05,1000.0,0.001,0.1
190,20,0.5,7,1,1e-05,1000.0,0.001,1.0
191,20,0.5,7,1,1e-05,1000.0,0.001,10.0
192,20,0.5,7,1,1e-05,1000.0,0.001,1000.0
193,20,0.5,7,1,1e-05,1000.0,0.1,1e-05
194,20,0.5,7,1,1e-05,1000.0,0.1,0.001
195,20,0.5,7,1,1e-05,1000.0,0.1,0.1
196,20,0.5,7,1,1e-05,1000.0,0.1,1.0
197,20,0.5,7,1,1e-05,1000.0,0.1,10.0
198,20,0.5,7,1,1e-05,1000.0,0.1,1000.0
199,20,0.5,7,1,1e-05,1000.0,1.0,1e-05
200,20,0.5,7,1,1e-05,1000.0,1.0,0.001
201,20,0.5,7,1,1e-05,1000.0,1.0,0.1
202,20,0.5,7,1,1e-05,1000.0,1.0,1.0
203,20,0.5,7,1,1e-05,1000.0,1.0,10.0
204,20,0.5,7,1,1e-05,1000.0,1.0,1000.0
205,20,0.5,7,1,1e-05,1000.0,10.0,1e-05
206,20,0.5,7,1,1e-05,1000.0,10.0,0.001
207,20,0.5,7,1,1e-05,1000.0,10.0,0.1
208,20,0.5,7,1,1e-05,1000.0,10.0,1.0
209,20,0.5,7,1,1e-05,1000.0,10.0,10.0
210,20,0.5,7,1,1e-05,1000.0,10.0,1000.0
211,20,0.5,7,1,1e-05,1000.0,1000.0,1e-05
212,20,0.5,7,1,1e-05,1000.0,1000.0,0.001
213,20,0.5,7,1,1e-05,1000.0,1000.0,0.1
214,20,0.5,7,1,1e-05,1000.0,1000.0,1.0
215,20,0.5,7,1,1e-05,1000.0,1000.0,10.0
216,20,0.5,7,1,1e-05,1000.0,1000.0,1000.0
217,20,0.5,7,1,0.001,1e-05,1e-05,1e-05
218,20,0.5,7,1,0.001,1e-05,1e-05,0.001
219,20,0.5,7,1,0.001,1e-05,1e-05,0.1
220,20,0.5,7,1,0.001,1e-05,1e-05,1.0
221,20,0.5,7,1,0.001,1e-05,1e-05,10.0
222,20,0.5,7,1,0.001,1e-05,1e-05,1000.0
223,20,0.5,7,1,0.001,1e-05,0.001,1e-05
224,20,0.5,7,1,0.001,1e-05,0.001,0.001
225,20,0.5,7,1,0.001,1e-05,0.001,0.1
226,20,0.5,7,1,0.001,1e-05,0.001,1.0
227,20,0.5,7,1,0.001,1e-05,0.001,10.0
228,20,0.5,7,1,0.001,1e-05,0.001,1000.0
229,20,0.5,7,1,0.001,1e-05,0.1,1e-05
230,20,0.5,7,1,0.001,1e-05,0.1,0.001
231,20,0.5,7,1,0.001,1e-05,0.1,0.1
232,20,0.5,7,1,0.001,1e-05,0.1,1.0
233,20,0.5,7,1,0.001,1e-05,0.1,10.0
234,20,0.5,7,1,0.001,1e-05,0.1,1000.0
235,20,0.5,7,1,0.001,1e-05,1.0,1e-05
236,20,0.5,7,1,0.001,1e-05,1.0,0.001
237,20,0.5,7,1,0.001,1e-05,1.0,0.1
238,20,0.5,7,1,0.001,1e-05,1.0,1.0
239,20,0.5,7,1,0.001,1e-05,1.0,10.0
240,20,0.5,7,1,0.001,1e-05,1.0,1000.0
241,20,0.5,7,1,0.001,1e-05,10.0,1e-05
242,20,0.5,7,1,0.001,1e-05,10.0,0.001
243,20,0.5,7,1,0.001,1e-05,10.0,0.1
244,20,0.5,7,1,0.001,1e-05,10.0,1.0
245,20,0.5,7,1,0.001,1e-05,10.0,10.0
246,20,0.5,7,1,0.001,1e-05,10.0,1000.0
247,20,0.5,7,1,0.001,1e-05,1000.0,1e-05
248,20,0.5,7,1,0.001,1e-05,1000.0,0.001
249,20,0.5,7,1,0.001,1e-05,1000.0,0.1
250,20,0.5,7,1,0.001,1e-05,1000.0,1.0
251,20,0.5,7,1,0.001,1e-05,1000.0,10.0
252,20,0.5,7,1,0.001,1e-05,1000.0,1000.0
253,20,0.5,7,1,0.001,0.001,1e-05,1e-05
254,20,0.5,7,1,0.001,0.001,1e-05,0.001
255,20,0.5,7,1,0.001,0.001,1e-05,0.1
256,20,0.5,7,1,0.001,0.001,1e-05,1.0
257,20,0.5,7,1,0.001,0.001,1e-05,10.0
258,20,0.5,7,1,0.001,0.001,1e-05,1000.0
259,20,0.5,7,1,0.001,0.001,0.001,1e-05
260,20,0.5,7,1,0.001,0.001,0.001,0.001
261,20,0.5,7,1,0.001,0.001,0.001,0.1
262,20,0.5,7,1,0.001,0.001,0.001,1.0
263,20,0.5,7,1,0.001,0.001,0.001,10.0
264,20,0.5,7,1,0.001,0.001,0.001,1000.0
265,20,0.5,7,1,0.001,0.001,0.1,1e-05
266,20,0.5,7,1,0.001,0.001,0.1,0.001
267,20,0.5,7,1,0.001,0.001,0.1,0.1
268,20,0.5,7,1,0.001,0.001,0.1,1.0
269,20,0.5,7,1,0.001,0.001,0.1,10.0
270,20,0.5,7,1,0.001,0.001,0.1,1000.0
271,20,0.5,7,1,0.001,0.001,1.0,1e-05
272,20,0.5,7,1,0.001,0.001,1.0,0.001
273,20,0.5,7,1,0.001,0.001,1.0,0.1
274,20,0.5,7,1,0.001,0.001,1.0,1.0
275,20,0.5,7,1,0.001,0.001,1.0,10.0
276,20,0.5,7,1,0.001,0.001,1.0,1000.0
277,20,0.5,7,1,0.001,0.001,10.0,1e-05
278,20,0.5,7,1,0.001,0.001,10.0,0.001
279,20,0.5,7,1,0.001,0.001,10.0,0.1
280,20,0.5,7,1,0.001,0.001,10.0,1.0
281,20,0.5,7,1,0.001,0.001,10.0,10.0
282,20,0.5,7,1,0.001,0.001,10.0,1000.0
283,20,0.5,7,1,0.001,0.001,1000.0,1e-05
284,20,0.5,7,1,0.001,0.001,1000.0,0.001
285,20,0.5,7,1,0.001,0.001,1000.0,0.1
286,20,0.5,7,1,0.001,0.001,1000.0,1.0
287,20,0.5,7,1,0.001,0.001,1000.0,10.0
288,20,0.5,7,1,0.001,0.001,1000.0,1000.0
289,20,0.5,7,1,0.001,0.1,1e-05,1e-05
290,20,0.5,7,1,0.001,0.1,1e-05,0.001
291,20,0.5,7,1,0.001,0.1,1e-05,0.1
292,20,0.5,7,1,0.001,0.1,1e-05,1.0
293,20,0.5,7,1,0.001,0.1,1e-05,10.0
294,20,0.5,7,1,0.001,0.1,1e-05,1000.0
295,20,0.5,7,1,0.001,0.1,0.001,1e-05
296,20,0.5,7,1,0.001,0.1,0.001,0.001
297,20,0.5,7,1,0.001,0.1,0.001,0.1
298,20,0.5,7,1,0.001,0.1,0.001,1.0
299,20,0.5,7,1,0.001,0.1,0.001,10.0
300,20,0.5,7,1,0.001,0.1,0.001,1000.0
301,20,0.5,7,1,0.001,0.1,0.1,1e-05
302,20,0.5,7,1,0.001,0.1,0.1,0.001
303,20,0.5,7,1,0.001,0.1,0.1,0.1
304,20,0.5,7,1,0.001,0.1,0.1,1.0
305,20,0.5,7,1,0.001,0.1,0.1,10.0
306,20,0.5,7,1,0.001,0.1,0.1,1000.0
307,20,0.5,7,1,0.001,0.1,1.0,1e-05
308,20,0.5,7,1,0.001,0.1,1.0,0.001
309,20,0.5,7,1,0.001,0.1,1.0,0.1
310,20,0.5,7,1,0.001,0.1,1.0,1.0
311,20,0.5,7,1,0.001,0.1,1.0,10.0
312,20,0.5,7,1,0.001,0.1,1.0,1000.0
313,20,0.5,7,1,0.001,0.1,10.0,1e-05
314,20,0.5,7,1,0.001,0.1,10.0,0.001
315,20,0.5,7,1,0.001,0.1,10.0,0.1
316,20,0.5,7,1,0.001,0.1,10.0,1.0
317,20,0.5,7,1,0.001,0.1,10.0,10.0
318,20,0.5,7,1,0.001,0.1,10.0,1000.0
319,20,0.5,7,1,0.001,0.1,1000.0,1e-05
320,20,0.5,7,1,0.001,0.1,1000.0,0.001
321,20,0.5,7,1,0.001,0.1,1000.0,0.1
322,20,0.5,7,1,0.001,0.1,1000.0,1.0
323,20,0.5,7,1,0.001,0.1,1000.0,10.0
324,20,0.5,7,1,0.001,0.1,1000.0,1000.0
325,20,0.5,7,1,0.001,1.0,1e-05,1e-05
326,20,0.5,7,1,0.001,1.0,1e-05,0.001
327,20,0.5,7,1,0.001,1.0,1e-05,0.1
328,20,0.5,7,1,0.001,1.0,1e-05,1.0
329,20,0.5,7,1,0.001,1.0,1e-05,10.0
330,20,0.5,7,1,0.001,1.0,1e-05,1000.0
331,20,0.5,7,1,0.001,1.0,0.001,1e-05
332,20,0.5,7,1,0.001,1.0,0.001,0.001
333,20,0.5,7,1,0.001,1.0,0.001,0.1
334,20,0.5,7,1,0.001,1.0,0.001,1.0
335,20,0.5,7,1,0.001,1.0,0.001,10.0
336,20,0.5,7,1,0.001,1.0,0.001,1000.0
337,20,0.5,7,1,0.001,1.0,0.1,1e-05
338,20,0.5,7,1,0.001,1.0,0.1,0.001
339,20,0.5,7,1,0.001,1.0,0.1,0.1
340,20,0.5,7,1,0.001,1.0,0.1,1.0
341,20,0.5,7,1,0.001,1.0,0.1,10.0
342,20,0.5,7,1,0.001,1.0,0.1,1000.0
343,20,0.5,7,1,0.001,1.0,1.0,1e-05
344,20,0.5,7,1,0.001,1.0,1.0,0.001
345,20,0.5,7,1,0.001,1.0,1.0,0.1
346,20,0.5,7,1,0.001,1.0,1.0,1.0
347,20,0.5,7,1,0.001,1.0,1.0,10.0
348,20,0.5,7,1,0.001,1.0,1.0,1000.0
349,20,0.5,7,1,0.001,1.0,10.0,1e-05
350,20,0.5,7,1,0.001,1.0,10.0,0.001
351,20,0.5,7,1,0.001,1.0,10.0,0.1
352,20,0.5,7,1,0.001,1.0,10.0,1.0
353,20,0.5,7,1,0.001,1.0,10.0,10.0
354,20,0.5,7,1,0.001,1.0,10.0,1000.0
355,20,0.5,7,1,0.001,1.0,1000.0,1e-05
356,20,0.5,7,1,0.001,1.0,1000.0,0.001
357,20,0.5,7,1,0.001,1.0,1000.0,0.1
358,20,0.5,7,1,0.001,1.0,1000.0,1.0
359,20,0.5,7,1,0.001,1.0,1000.0,10.0
360,20,0.5,7,1,0.001,1.0,1000.0,1000.0
361,20,0.5,7,1,0.001,10.0,1e-05,1e-05
362,20,0.5,7,1,0.001,10.0,1e-05,0.001
363,20,0.5,7,1,0.001,10.0,1e-05,0.1
364,20,0.5,7,1,0.001,10.0,1e-05,1.0
365,20,0.5,7,1,0.001,10.0,1e-05,10.0
366,20,0.5,7,1,0.001,10.0,1e-05,1000.0
367,20,0.5,7,1,0.001,10.0,0.001,1e-05
368,20,0.5,7,1,0.001,10.0,0.001,0.001
369,20,0.5,7,1,0.001,10.0,0.001,0.1
370,20,0.5,7,1,0.001,10.0,0.001,1.0
371,20,0.5,7,1,0.001,10.0,0.001,10.0
372,20,0.5,7,1,0.001,10.0,0.001,1000.0
373,20,0.5,7,1,0.001,10.0,0.1,1e-05
374,20,0.5,7,1,0.001,10.0,0.1,0.001
375,20,0.5,7,1,0.001,10.0,0.1,0.1
376,20,0.5,7,1,0.001,10.0,0.1,1.0
377,20,0.5,7,1,0.001,10.0,0.1,10.0
378,20,0.5,7,1,0.001,10.0,0.1,1000.0
379,20,0.5,7,1,0.001,10.0,1.0,1e-05
380,20,0.5,7,1,0.001,10.0,1.0,0.001
381,20,0.5,7,1,0.001,10.0,1.0,0.1
382,20,0.5,7,1,0.001,10.0,1.0,1.0
383,20,0.5,7,1,0.001,10.0,1.0,10.0
384,20,0.5,7,1,0.001,10.0,1.0,1000.0
385,20,0.5,7,1,0.001,10.0,10.0,1e-05
386,20,0.5,7,1,0.001,10.0,10.0,0.001
387,20,0.5,7,1,0.001,10.0,10.0,0.1
388,20,0.5,7,1,0.001,10.0,10.0,1.0
389,20,0.5,7,1,0.001,10.0,10.0,10.0
390,20,0.5,7,1,0.001,10.0,10.0,1000.0
391,20,0.5,7,1,0.001,10.0,1000.0,1e-05
392,20,0.5,7,1,0.001,10.0,1000.0,0.001
393,20,0.5,7,1,0.001,10.0,1000.0,0.1
394,20,0.5,7,1,0.001,10.0,1000.0,1.0
395,20,0.5,7,1,0.001,10.0,1000.0,10.0
396,20,0.5,7,1,0.001,10.0,1000.0,1000.0
397,20,0.5,7,1,0.001,1000.0,1e-05,1e-05
398,20,0.5,7,1,0.001,1000.0,1e-05,0.001
399,20,0.5,7,1,0.001,1000.0,1e-05,0.1
400,20,0.5,7,1,0.001,1000.0,1e-05,1.0
401,20,0.5,7,1,0.001,1000.0,1e-05,10.0
402,20,0.5,7,1,0.001,1000.0,1e-05,1000.0
403,20,0.5,7,1,0.001,1000.0,0.001,1e-05
404,20,0.5,7,1,0.001,1000.0,0.001,0.001
405,20,0.5,7,1,0.001,1000.0,0.001,0.1
406,20,0.5,7,1,0.001,1000.0,0.001,1.0
407,20,0.5,7,1,0.001,1000.0,0.001,10.0
408,20,0.5,7,1,0.001,1000.0,0.001,1000.0
409,20,0.5,7,1,0.001,1000.0,0.1,1e-05
410,20,0.5,7,1,0.001,1000.0,0.1,0.001
411,20,0.5,7,1,0.001,1000.0,0.1,0.1
412,20,0.5,7,1,0.001,1000.0,0.1,1.0
413,20,0.5,7,1,0.001,1000.0,0.1,10.0
414,20,0.5,7,1,0.001,1000.0,0.1,1000.0
415,20,0.5,7,1,0.001,1000.0,1.0,1e-05
416,20,0.5,7,1,0.001,1000.0,1.0,0.001
417,20,0.5,7,1,0.001,1000.0,1.0,0.1
418,20,0.5,7,1,0.001,1000.0,1.0,1.0
419,20,0.5,7,1,0.001,1000.0,1.0,10.0
420,20,0.5,7,1,0.001,1000.0,1.0,1000.0
421,20,0.5,7,1,0.001,1000.0,10.0,1e-05
422,20,0.5,7,1,0.001,1000.0,10.0,0.001
423,20,0.5,7,1,0.001,1000.0,10.0,0.1
424,20,0.5,7,1,0.001,1000.0,10.0,1.0
425,20,0.5,7,1,0.001,1000.0,10.0,10.0
426,20,0.5,7,1,0.001,1000.0,10.0,1000.0
427,20,0.5,7,1,0.001,1000.0,1000.0,1e-05
428,20,0.5,7,1,0.001,1000.0,1000.0,0.001
429,20,0.5,7,1,0.001,1000.0,1000.0,0.1
430,20,0.5,7,1,0.001,1000.0,1000.0,1.0
431,20,0.5,7,1,0.001,1000.0,1000.0,10.0
432,20,0.5,7,1,0.001,1000.0,1000.0,1000.0
433,20,0.5,7,1,0.1,1e-05,1e-05,1e-05
434,20,0.5,7,1,0.1,1e-05,1e-05,0.001
435,20,0.5,7,1,0.1,1e-05,1e-05,0.1
436,20,0.5,7,1,0.1,1e-05,1e-05,1.0
437,20,0.5,7,1,0.1,1e-05,1e-05,10.0
438,20,0.5,7,1,0.1,1e-05,1e-05,1000.0
439,20,0.5,7,1,0.1,1e-05,0.001,1e-05
440,20,0.5,7,1,0.1,1e-05,0.001,0.001
441,20,0.5,7,1,0.1,1e-05,0.001,0.1
442,20,0.5,7,1,0.1,1e-05,0.001,1.0
443,20,0.5,7,1,0.1,1e-05,0.001,10.0
444,20,0.5,7,1,0.1,1e-05,0.001,1000.0
445,20,0.5,7,1,0.1,1e-05,0.1,1e-05
446,20,0.5,7,1,0.1,1e-05,0.1,0.001
447,20,0.5,7,1,0.1,1e-05,0.1,0.1
448,20,0.5,7,1,0.1,1e-05,0.1,1.0
449,20,0.5,7,1,0.1,1e-05,0.1,10.0
450,20,0.5,7,1,0.1,1e-05,0.1,1000.0
451,20,0.5,7,1,0.1,1e-05,1.0,1e-05
452,20,0.5,7,1,0.1,1e-05,1.0,0.001
453,20,0.5,7,1,0.1,1e-05,1.0,0.1
454,20,0.5,7,1,0.1,1e-05,1.0,1.0
455,20,0.5,7,1,0.1,1e-05,1.0,10.0
456,20,0.5,7,1,0.1,1e-05,1.0,1000.0
457,20,0.5,7,1,0.1,1e-05,10.0,1e-05
458,20,0.5,7,1,0.1,1e-05,10.0,0.001
459,20,0.5,7,1,0.1,1e-05,10.0,0.1
460,20,0.5,7,1,0.1,1e-05,10.0,1.0
461,20,0.5,7,1,0.1,1e-05,10.0,10.0
462,20,0.5,7,1,0.1,1e-05,10.0,1000.0
463,20,0.5,7,1,0.1,1e-05,1000.0,1e-05
464,20,0.5,7,1,0.1,1e-05,1000.0,0.001
465,20,0.5,7,1,0.1,1e-05,1000.0,0.1
466,20,0.5,7,1,0.1,1e-05,1000.0,1.0
467,20,0.5,7,1,0.1,1e-05,1000.0,10.0
468,20,0.5,7,1,0.1,1e-05,1000.0,1000.0
469,20,0.5,7,1,0.1,0.001,1e-05,1e-05
470,20,0.5,7,1,0.1,0.001,1e-05,0.001
471,20,0.5,7,1,0.1,0.001,1e-05,0.1
472,20,0.5,7,1,0.1,0.001,1e-05,1.0
473,20,0.5,7,1,0.1,0.001,1e-05,10.0
474,20,0.5,7,1,0.1,0.001,1e-05,1000.0
475,20,0.5,7,1,0.1,0.001,0.001,1e-05
476,20,0.5,7,1,0.1,0.001,0.001,0.001
477,20,0.5,7,1,0.1,0.001,0.001,0.1
478,20,0.5,7,1,0.1,0.001,0.001,1.0
479,20,0.5,7,1,0.1,0.001,0.001,10.0
480,20,0.5,7,1,0.1,0.001,0.001,1000.0
481,20,0.5,7,1,0.1,0.001,0.1,1e-05
482,20,0.5,7,1,0.1,0.001,0.1,0.001
483,20,0.5,7,1,0.1,0.001,0.1,0.1
484,20,0.5,7,1,0.1,0.001,0.1,1.0
485,20,0.5,7,1,0.1,0.001,0.1,10.0
486,20,0.5,7,1,0.1,0.001,0.1,1000.0
487,20,0.5,7,1,0.1,0.001,1.0,1e-05
488,20,0.5,7,1,0.1,0.001,1.0,0.001
489,20,0.5,7,1,0.1,0.001,1.0,0.1
490,20,0.5,7,1,0.1,0.001,1.0,1.0
491,20,0.5,7,1,0.1,0.001,1.0,10.0
492,20,0.5,7,1,0.1,0.001,1.0,1000.0
493,20,0.5,7,1,0.1,0.001,10.0,1e-05
494,20,0.5,7,1,0.1,0.001,10.0,0.001
495,20,0.5,7,1,0.1,0.001,10.0,0.1
496,20,0.5,7,1,0.1,0.001,10.0,1.0
497,20,0.5,7,1,0.1,0.001,10.0,10.0
498,20,0.5,7,1,0.1,0.001,10.0,1000.0
499,20,0.5,7,1,0.1,0.001,1000.0,1e-05
500,20,0.5,7,1,0.1,0.001,1000.0,0.001
501,20,0.5,7,1,0.1,0.001,1000.0,0.1
502,20,0.5,7,1,0.1,0.001,1000.0,1.0
503,20,0.5,7,1,0.1,0.001,1000.0,10.0
504,20,0.5,7,1,0.1,0.001,1000.0,1000.0
505,20,0.5,7,1,0.1,0.1,1e-05,1e-05
506,20,0.5,7,1,0.1,0.1,1e-05,0.001
507,20,0.5,7,1,0.1,0.1,1e-05,0.1
508,20,0.5,7,1,0.1,0.1,1e-05,1.0
509,20,0.5,7,1,0.1,0.1,1e-05,10.0
510,20,0.5,7,1,0.1,0.1,1e-05,1000.0
511,20,0.5,7,1,0.1,0.1,0.001,1e-05
512,20,0.5,7,1,0.1,0.1,0.001,0.001
513,20,0.5,7,1,0.1,0.1,0.001,0.1
514,20,0.5,7,1,0.1,0.1,0.001,1.0
515,20,0.5,7,1,0.1,0.1,0.001,10.0
516,20,0.5,7,1,0.1,0.1,0.001,1000.0
517,20,0.5,7,1,0.1,0.1,0.1,1e-05
518,20,0.5,7,1,0.1,0.1,0.1,0.001
519,20,0.5,7,1,0.1,0.1,0.1,0.1
520,20,0.5,7,1,0.1,0.1,0.1,1.0
521,20,0.5,7,1,0.1,0.1,0.1,10.0
522,20,0.5,7,1,0.1,0.1,0.1,1000.0
523,20,0.5,7,1,0.1,0.1,1.0,1e-05
524,20,0.5,7,1,0.1,0.1,1.0,0.001
525,20,0.5,7,1,0.1,0.1,1.0,0.1
526,20,0.5,7,1,0.1,0.1,1.0,1.0
527,20,0.5,7,1,0.1,0.1,1.0,10.0
528,20,0.5,7,1,0.1,0.1,1.0,1000.0
529,20,0.5,7,1,0.1,0.1,10.0,1e-05
530,20,0.5,7,1,0.1,0.1,10.0,0.001
531,20,0.5,7,1,0.1,0.1,10.0,0.1
532,20,0.5,7,1,0.1,0.1,10.0,1.0
533,20,0.5,7,1,0.1,0.1,10.0,10.0
534,20,0.5,7,1,0.1,0.1,10.0,1000.0
535,20,0.5,7,1,0.1,0.1,1000.0,1e-05
536,20,0.5,7,1,0.1,0.1,1000.0,0.001
537,20,0.5,7,1,0.1,0.1,1000.0,0.1
538,20,0.5,7,1,0.1,0.1,1000.0,1.0
539,20,0.5,7,1,0.1,0.1,1000.0,10.0
540,20,0.5,7,1,0.1,0.1,1000.0,1000.0
541,20,0.5,7,1,0.1,1.0,1e-05,1e-05
542,20,0.5,7,1,0.1,1.0,1e-05,0.001
543,20,0.5,7,1,0.1,1.0,1e-05,0.1
544,20,0.5,7,1,0.1,1.0,1e-05,1.0
545,20,0.5,7,1,0.1,1.0,1e-05,10.0
546,20,0.5,7,1,0.1,1.0,1e-05,1000.0
547,20,0.5,7,1,0.1,1.0,0.001,1e-05
548,20,0.5,7,1,0.1,1.0,0.001,0.001
549,20,0.5,7,1,0.1,1.0,0.001,0.1
550,20,0.5,7,1,0.1,1.0,0.001,1.0
551,20,0.5,7,1,0.1,1.0,0.001,10.0
552,20,0.5,7,1,0.1,1.0,0.001,1000.0
553,20,0.5,7,1,0.1,1.0,0.1,1e-05
554,20,0.5,7,1,0.1,1.0,0.1,0.001
555,20,0.5,7,1,0.1,1.0,0.1,0.1
556,20,0.5,7,1,0.1,1.0,0.1,1.0
557,20,0.5,7,1,0.1,1.0,0.1,10.0
558,20,0.5,7,1,0.1,1.0,0.1,1000.0
559,20,0.5,7,1,0.1,1.0,1.0,1e-05
560,20,0.5,7,1,0.1,1.0,1.0,0.001
561,20,0.5,7,1,0.1,1.0,1.0,0.1
562,20,0.5,7,1,0.1,1.0,1.0,1.0
563,20,0.5,7,1,0.1,1.0,1.0,10.0
564,20,0.5,7,1,0.1,1.0,1.0,1000.0
565,20,0.5,7,1,0.1,1.0,10.0,1e-05
566,20,0.5,7,1,0.1,1.0,10.0,0.001
567,20,0.5,7,1,0.1,1.0,10.0,0.1
568,20,0.5,7,1,0.1,1.0,10.0,1.0
569,20,0.5,7,1,0.1,1.0,10.0,10.0
570,20,0.5,7,1,0.1,1.0,10.0,1000.0
571,20,0.5,7,1,0.1,1.0,1000.0,1e-05
572,20,0.5,7,1,0.1,1.0,1000.0,0.001
573,20,0.5,7,1,0.1,1.0,1000.0,0.1
574,20,0.5,7,1,0.1,1.0,1000.0,1.0
575,20,0.5,7,1,0.1,1.0,1000.0,10.0
576,20,0.5,7,1,0.1,1.0,1000.0,1000.0
577,20,0.5,7,1,0.1,10.0,1e-05,1e-05
578,20,0.5,7,1,0.1,10.0,1e-05,0.001
579,20,0.5,7,1,0.1,10.0,1e-05,0.1
580,20,0.5,7,1,0.1,10.0,1e-05,1.0
581,20,0.5,7,1,0.1,10.0,1e-05,10.0
582,20,0.5,7,1,0.1,10.0,1e-05,1000.0
583,20,0.5,7,1,0.1,10.0,0.001,1e-05
584,20,0.5,7,1,0.1,10.0,0.001,0.001
585,20,0.5,7,1,0.1,10.0,0.001,0.1
586,20,0.5,7,1,0.1,10.0,0.001,1.0
587,20,0.5,7,1,0.1,10.0,0.001,10.0
588,20,0.5,7,1,0.1,10.0,0.001,1000.0
589,20,0.5,7,1,0.1,10.0,0.1,1e-05
590,20,0.5,7,1,0.1,10.0,0.1,0.001
591,20,0.5,7,1,0.1,10.0,0.1,0.1
592,20,0.5,7,1,0.1,10.0,0.1,1.0
593,20,0.5,7,1,0.1,10.0,0.1,10.0
594,20,0.5,7,1,0.1,10.0,0.1,1000.0
595,20,0.5,7,1,0.1,10.0,1.0,1e-05
596,20,0.5,7,1,0.1,10.0,1.0,0.001
597,20,0.5,7,1,0.1,10.0,1.0,0.1
598,20,0.5,7,1,0.1,10.0,1.0,1.0
599,20,0.5,7,1,0.1,10.0,1.0,10.0
600,20,0.5,7,1,0.1,10.0,1.0,1000.0
601,20,0.5,7,1,0.1,10.0,10.0,1e-05
602,20,0.5,7,1,0.1,10.0,10.0,0.001
603,20,0.5,7,1,0.1,10.0,10.0,0.1
604,20,0.5,7,1,0.1,10.0,10.0,1.0
605,20,0.5,7,1,0.1,10.0,10.0,10.0
606,20,0.5,7,1,0.1,10.0,10.0,1000.0
607,20,0.5,7,1,0.1,10.0,1000.0,1e-05
608,20,0.5,7,1,0.1,10.0,1000.0,0.001
609,20,0.5,7,1,0.1,10.0,1000.0,0.1
610,20,0.5,7,1,0.1,10.0,1000.0,1.0
611,20,0.5,7,1,0.1,10.0,1000.0,10.0
612,20,0.5,7,1,0.1,10.0,1000.0,1000.0
613,20,0.5,7,1,0.1,1000.0,1e-05,1e-05
614,20,0.5,7,1,0.1,1000.0,1e-05,0.001
615,20,0.5,7,1,0.1,1000.0,1e-05,0.1
616,20,0.5,7,1,0.1,1000.0,1e-05,1.0
617,20,0.5,7,1,0.1,1000.0,1e-05,10.0
618,20,0.5,7,1,0.1,1000.0,1e-05,1000.0
619,20,0.5,7,1,0.1,1000.0,0.001,1e-05
620,20,0.5,7,1,0.1,1000.0,0.001,0.001
621,20,0.5,7,1,0.1,1000.0,0.001,0.1
622,20,0.5,7,1,0.1,1000.0,0.001,1.0
623,20,0.5,7,1,0.1,1000.0,0.001,10.0
624,20,0.5,7,1,0.1,1000.0,0.001,1000.0
625,20,0.5,7,1,0.1,1000.0,0.1,1e-05
626,20,0.5,7,1,0.1,1000.0,0.1,0.001
627,20,0.5,7,1,0.1,1000.0,0.1,0.1
628,20,0.5,7,1,0.1,1000.0,0.1,1.0
629,20,0.5,7,1,0.1,1000.0,0.1,10.0
630,20,0.5,7,1,0.1,1000.0,0.1,1000.0
631,20,0.5,7,1,0.1,1000.0,1.0,1e-05
632,20,0.5,7,1,0.1,1000.0,1.0,0.001
633,20,0.5,7,1,0.1,1000.0,1.0,0.1
634,20,0.5,7,1,0.1,1000.0,1.0,1.0
635,20,0.5,7,1,0.1,1000.0,1.0,10.0
636,20,0.5,7,1,0.1,1000.0,1.0,1000.0
637,20,0.5,7,1,0.1,1000.0,10.0,1e-05
638,20,0.5,7,1,0.1,1000.0,10.0,0.001
639,20,0.5,7,1,0.1,1000.0,10.0,0.1
640,20,0.5,7,1,0.1,1000.0,10.0,1.0
641,20,0.5,7,1,0.1,1000.0,10.0,10.0
642,20,0.5,7,1,0.1,1000.0,10.0,1000.0
643,20,0.5,7,1,0.1,1000.0,1000.0,1e-05
644,20,0.5,7,1,0.1,1000.0,1000.0,0.001
645,20,0.5,7,1,0.1,1000.0,1000.0,0.1
646,20,0.5,7,1,0.1,1000.0,1000.0,1.0
647,20,0.5,7,1,0.1,1000.0,1000.0,10.0
648,20,0.5,7,1,0.1,1000.0,1000.0,1000.0
649,20,0.5,7,1,1.0,1e-05,1e-05,1e-05
650,20,0.5,7,1,1.0,1e-05,1e-05,0.001
651,20,0.5,7,1,1.0,1e-05,1e-05,0.1
652,20,0.5,7,1,1.0,1e-05,1e-05,1.0
653,20,0.5,7,1,1.0,1e-05,1e-05,10.0
654,20,0.5,7,1,1.0,1e-05,1e-05,1000.0
655,20,0.5,7,1,1.0,1e-05,0.001,1e-05
656,20,0.5,7,1,1.0,1e-05,0.001,0.001
657,20,0.5,7,1,1.0,1e-05,0.001,0.1
658,20,0.5,7,1,1.0,1e-05,0.001,1.0
659,20,0.5,7,1,1.0,1e-05,0.001,10.0
660,20,0.5,7,1,1.0,1e-05,0.001,1000.0
661,20,0.5,7,1,1.0,1e-05,0.1,1e-05
662,20,0.5,7,1,1.0,1e-05,0.1,0.001
663,20,0.5,7,1,1.0,1e-05,0.1,0.1
664,20,0.5,7,1,1.0,1e-05,0.1,1.0
665,20,0.5,7,1,1.0,1e-05,0.1,10.0
666,20,0.5,7,1,1.0,1e-05,0.1,1000.0
667,20,0.5,7,1,1.0,1e-05,1.0,1e-05
668,20,0.5,7,1,1.0,1e-05,1.0,0.001
669,20,0.5,7,1,1.0,1e-05,1.0,0.1
670,20,0.5,7,1,1.0,1e-05,1.0,1.0
671,20,0.5,7,1,1.0,1e-05,1.0,10.0
672,20,0.5,7,1,1.0,1e-05,1.0,1000.0
673,20,0.5,7,1,1.0,1e-05,10.0,1e-05
674,20,0.5,7,1,1.0,1e-05,10.0,0.001
675,20,0.5,7,1,1.0,1e-05,10.0,0.1
676,20,0.5,7,1,1.0,1e-05,10.0,1.0
677,20,0.5,7,1,1.0,1e-05,10.0,10.0
678,20,0.5,7,1,1.0,1e-05,10.0,1000.0
679,20,0.5,7,1,1.0,1e-05,1000.0,1e-05
680,20,0.5,7,1,1.0,1e-05,1000.0,0.001
681,20,0.5,7,1,1.0,1e-05,1000.0,0.1
682,20,0.5,7,1,1.0,1e-05,1000.0,1.0
683,20,0.5,7,1,1.0,1e-05,1000.0,10.0
684,20,0.5,7,1,1.0,1e-05,1000.0,1000.0
685,20,0.5,7,1,1.0,0.001,1e-05,1e-05
686,20,0.5,7,1,1.0,0.001,1e-05,0.001
687,20,0.5,7,1,1.0,0.001,1e-05,0.1
688,20,0.5,7,1,1.0,0.001,1e-05,1.0
689,20,0.5,7,1,1.0,0.001,1e-05,10.0
690,20,0.5,7,1,1.0,0.001,1e-05,1000.0
691,20,0.5,7,1,1.0,0.001,0.001,1e-05
692,20,0.5,7,1,1.0,0.001,0.001,0.001
693,20,0.5,7,1,1.0,0.001,0.001,0.1
694,20,0.5,7,1,1.0,0.001,0.001,1.0
695,20,0.5,7,1,1.0,0.001,0.001,10.0
696,20,0.5,7,1,1.0,0.001,0.001,1000.0
697,20,0.5,7,1,1.0,0.001,0.1,1e-05
698,20,0.5,7,1,1.0,0.001,0.1,0.001
699,20,0.5,7,1,1.0,0.001,0.1,0.1
700,20,0.5,7,1,1.0,0.001,0.1,1.0
701,20,0.5,7,1,1.0,0.001,0.1,10.0
702,20,0.5,7,1,1.0,0.001,0.1,1000.0
703,20,0.5,7,1,1.0,0.001,1.0,1e-05
704,20,0.5,7,1,1.0,0.001,1.0,0.001
705,20,0.5,7,1,1.0,0.001,1.0,0.1
706,20,0.5,7,1,1.0,0.001,1.0,1.0
707,20,0.5,7,1,1.0,0.001,1.0,10.0
708,20,0.5,7,1,1.0,0.001,1.0,1000.0
709,20,0.5,7,1,1.0,0.001,10.0,1e-05
710,20,0.5,7,1,1.0,0.001,10.0,0.001
711,20,0.5,7,1,1.0,0.001,10.0,0.1
712,20,0.5,7,1,1.0,0.001,10.0,1.0
713,20,0.5,7,1,1.0,0.001,10.0,10.0
714,20,0.5,7,1,1.0,0.001,10.0,1000.0
715,20,0.5,7,1,1.0,0.001,1000.0,1e-05
716,20,0.5,7,1,1.0,0.001,1000.0,0.001
717,20,0.5,7,1,1.0,0.001,1000.0,0.1
718,20,0.5,7,1,1.0,0.001,1000.0,1.0
719,20,0.5,7,1,1.0,0.001,1000.0,10.0
720,20,0.5,7,1,1.0,0.001,1000.0,1000.0
721,20,0.5,7,1,1.0,0.1,1e-05,1e-05
722,20,0.5,7,1,1.0,0.1,1e-05,0.001
723,20,0.5,7,1,1.0,0.1,1e-05,0.1
724,20,0.5,7,1,1.0,0.1,1e-05,1.0
725,20,0.5,7,1,1.0,0.1,1e-05,10.0
726,20,0.5,7,1,1.0,0.1,1e-05,1000.0
727,20,0.5,7,1,1.0,0.1,0.001,1e-05
728,20,0.5,7,1,1.0,0.1,0.001,0.001
729,20,0.5,7,1,1.0,0.1,0.001,0.1
730,20,0.5,7,1,1.0,0.1,0.001,1.0
731,20,0.5,7,1,1.0,0.1,0.001,10.0
732,20,0.5,7,1,1.0,0.1,0.001,1000.0
733,20,0.5,7,1,1.0,0.1,0.1,1e-05
734,20,0.5,7,1,1.0,0.1,0.1,0.001
735,20,0.5,7,1,1.0,0.1,0.1,0.1
736,20,0.5,7,1,1.0,0.1,0.1,1.0
737,20,0.5,7,1,1.0,0.1,0.1,10.0
738,20,0.5,7,1,1.0,0.1,0.1,1000.0
739,20,0.5,7,1,1.0,0.1,1.0,1e-05
740,20,0.5,7,1,1.0,0.1,1.0,0.001
741,20,0.5,7,1,1.0,0.1,1.0,0.1
742,20,0.5,7,1,1.0,0.1,1.0,1.0
743,20,0.5,7,1,1.0,0.1,1.0,10.0
744,20,0.5,7,1,1.0,0.1,1.0,1000.0
745,20,0.5,7,1,1.0,0.1,10.0,1e-05
746,20,0.5,7,1,1.0,0.1,10.0,0.001
747,20,0.5,7,1,1.0,0.1,10.0,0.1
748,20,0.5,7,1,1.0,0.1,10.0,1.0
749,20,0.5,7,1,1.0,0.1,10.0,10.0
750,20,0.5,7,1,1.0,0.1,10.0,1000.0
751,20,0.5,7,1,1.0,0.1,1000.0,1e-05
752,20,0.5,7,1,1.0,0.1,1000.0,0.001
753,20,0.5,7,1,1.0,0.1,1000.0,0.1
754,20,0.5,7,1,1.0,0.1,1000.0,1.0
755,20,0.5,7,1,1.0,0.1,1000.0,10.0
756,20,0.5,7,1,1.0,0.1,1000.0,1000.0
757,20,0.5,7,1,1.0,1.0,1e-05,1e-05
758,20,0.5,7,1,1.0,1.0,1e-05,0.001
759,20,0.5,7,1,1.0,1.0,1e-05,0.1
760,20,0.5,7,1,1.0,1.0,1e-05,1.0
761,20,0.5,7,1,1.0,1.0,1e-05,10.0
762,20,0.5,7,1,1.0,1.0,1e-05,1000.0
763,20,0.5,7,1,1.0,1.0,0.001,1e-05
764,20,0.5,7,1,1.0,1.0,0.001,0.001
765,20,0.5,7,1,1.0,1.0,0.001,0.1
766,20,0.5,7,1,1.0,1.0,0.001,1.0
767,20,0.5,7,1,1.0,1.0,0.001,10.0
768,20,0.5,7,1,1.0,1.0,0.001,1000.0
769,20,0.5,7,1,1.0,1.0,0.1,1e-05
770,20,0.5,7,1,1.0,1.0,0.1,0.001
771,20,0.5,7,1,1.0,1.0,0.1,0.1
772,20,0.5,7,1,1.0,1.0,0.1,1.0
773,20,0.5,7,1,1.0,1.0,0.1,10.0
774,20,0.5,7,1,1.0,1.0,0.1,1000.0
775,20,0.5,7,1,1.0,1.0,1.0,1e-05
776,20,0.5,7,1,1.0,1.0,1.0,0.001
777,20,0.5,7,1,1.0,1.0,1.0,0.1
778,20,0.5,7,1,1.0,1.0,1.0,1.0
779,20,0.5,7,1,1.0,1.0,1.0,10.0
780,20,0.5,7,1,1.0,1.0,1.0,1000.0
781,20,0.5,7,1,1.0,1.0,10.0,1e-05
782,20,0.5,7,1,1.0,1.0,10.0,0.001
783,20,0.5,7,1,1.0,1.0,10.0,0.1
784,20,0.5,7,1,1.0,1.0,10.0,1.0
785,20,0.5,7,1,1.0,1.0,10.0,10.0
786,20,0.5,7,1,1.0,1.0,10.0,1000.0
787,20,0.5,7,1,1.0,1.0,1000.0,1e-05
788,20,0.5,7,1,1.0,1.0,1000.0,0.001
789,20,0.5,7,1,1.0,1.0,1000.0,0.1
790,20,0.5,7,1,1.0,1.0,1000.0,1.0
791,20,0.5,7,1,1.0,1.0,1000.0,10.0
792,20,0.5,7,1,1.0,1.0,1000.0,1000.0
793,20,0.5,7,1,1.0,10.0,1e-05,1e-05
794,20,0.5,7,1,1.0,10.0,1e-05,0.001
795,20,0.5,7,1,1.0,10.0,1e-05,0.1
796,20,0.5,7,1,1.0,10.0,1e-05,1.0
797,20,0.5,7,1,1.0,10.0,1e-05,10.0
798,20,0.5,7,1,1.0,10.0,1e-05,1000.0
799,20,0.5,7,1,1.0,10.0,0.001,1e-05
800,20,0.5,7,1,1.0,10.0,0.001,0.001
801,20,0.5,7,1,1.0,10.0,0.001,0.1
802,20,0.5,7,1,1.0,10.0,0.001,1.0
803,20,0.5,7,1,1.0,10.0,0.001,10.0
804,20,0.5,7,1,1.0,10.0,0.001,1000.0
805,20,0.5,7,1,1.0,10.0,0.1,1e-05
806,20,0.5,7,1,1.0,10.0,0.1,0.001
807,20,0.5,7,1,1.0,10.0,0.1,0.1
808,20,0.5,7,1,1.0,10.0,0.1,1.0
809,20,0.5,7,1,1.0,10.0,0.1,10.0
810,20,0.5,7,1,1.0,10.0,0.1,1000.0
811,20,0.5,7,1,1.0,10.0,1.0,1e-05
812,20,0.5,7,1,1.0,10.0,1.0,0.001
813,20,0.5,7,1,1.0,10.0,1.0,0.1
814,20,0.5,7,1,1.0,10.0,1.0,1.0
815,20,0.5,7,1,1.0,10.0,1.0,10.0
816,20,0.5,7,1,1.0,10.0,1.0,1000.0
817,20,0.5,7,1,1.0,10.0,10.0,1e-05
818,20,0.5,7,1,1.0,10.0,10.0,0.001
819,20,0.5,7,1,1.0,10.0,10.0,0.1
820,20,0.5,7,1,1.0,10.0,10.0,1.0
821,20,0.5,7,1,1.0,10.0,10.0,10.0
822,20,0.5,7,1,1.0,10.0,10.0,1000.0
823,20,0.5,7,1,1.0,10.0,1000.0,1e-05
824,20,0.5,7,1,1.0,10.0,1000.0,0.001
825,20,0.5,7,1,1.0,10.0,1000.0,0.1
826,20,0.5,7,1,1.0,10.0,1000.0,1.0
827,20,0.5,7,1,1.0,10.0,1000.0,10.0
828,20,0.5,7,1,1.0,10.0,1000.0,1000.0
829,20,0.5,7,1,1.0,1000.0,1e-05,1e-05
830,20,0.5,7,1,1.0,1000.0,1e-05,0.001
831,20,0.5,7,1,1.0,1000.0,1e-05,0.1
832,20,0.5,7,1,1.0,1000.0,1e-05,1.0
833,20,0.5,7,1,1.0,1000.0,1e-05,10.0
834,20,0.5,7,1,1.0,1000.0,1e-05,1000.0
835,20,0.5,7,1,1.0,1000.0,0.001,1e-05
836,20,0.5,7,1,1.0,1000.0,0.001,0.001
837,20,0.5,7,1,1.0,1000.0,0.001,0.1
838,20,0.5,7,1,1.0,1000.0,0.001,1.0
839,20,0.5,7,1,1.0,1000.0,0.001,10.0
840,20,0.5,7,1,1.0,1000.0,0.001,1000.0
841,20,0.5,7,1,1.0,1000.0,0.1,1e-05
842,20,0.5,7,1,1.0,1000.0,0.1,0.001
843,20,0.5,7,1,1.0,1000.0,0.1,0.1
844,20,0.5,7,1,1.0,1000.0,0.1,1.0
845,20,0.5,7,1,1.0,1000.0,0.1,10.0
846,20,0.5,7,1,1.0,1000.0,0.1,1000.0
847,20,0.5,7,1,1.0,1000.0,1.0,1e-05
848,20,0.5,7,1,1.0,1000.0,1.0,0.001
849,20,0.5,7,1,1.0,1000.0,1.0,0.1
850,20,0.5,7,1,1.0,1000.0,1.0,1.0
851,20,0.5,7,1,1.0,1000.0,1.0,10.0
852,20,0.5,7,1,1.0,1000.0,1.0,1000.0
853,20,0.5,7,1,1.0,1000.0,10.0,1e-05
854,20,0.5,7,1,1.0,1000.0,10.0,0.001
855,20,0.5,7,1,1.0,1000.0,10.0,0.1
856,20,0.5,7,1,1.0,1000.0,10.0,1.0
857,20,0.5,7,1,1.0,1000.0,10.0,10.0
858,20,0.5,7,1,1.0,1000.0,10.0,1000.0
859,20,0.5,7,1,1.0,1000.0,1000.0,1e-05
860,20,0.5,7,1,1.0,1000.0,1000.0,0.001
861,20,0.5,7,1,1.0,1000.0,1000.0,0.1
862,20,0.5,7,1,1.0,1000.0,1000.0,1.0
863,20,0.5,7,1,1.0,1000.0,1000.0,10.0
864,20,0.5,7,1,1.0,1000.0,1000.0,1000.0
865,20,0.5,7,1,10.0,1e-05,1e-05,1e-05
866,20,0.5,7,1,10.0,1e-05,1e-05,0.001
867,20,0.5,7,1,10.0,1e-05,1e-05,0.1
868,20,0.5,7,1,10.0,1e-05,1e-05,1.0
869,20,0.5,7,1,10.0,1e-05,1e-05,10.0
870,20,0.5,7,1,10.0,1e-05,1e-05,1000.0
871,20,0.5,7,1,10.0,1e-05,0.001,1e-05
872,20,0.5,7,1,10.0,1e-05,0.001,0.001
873,20,0.5,7,1,10.0,1e-05,0.001,0.1
874,20,0.5,7,1,10.0,1e-05,0.001,1.0
875,20,0.5,7,1,10.0,1e-05,0.001,10.0
876,20,0.5,7,1,10.0,1e-05,0.001,1000.0
877,20,0.5,7,1,10.0,1e-05,0.1,1e-05
878,20,0.5,7,1,10.0,1e-05,0.1,0.001
879,20,0.5,7,1,10.0,1e-05,0.1,0.1
880,20,0.5,7,1,10.0,1e-05,0.1,1.0
881,20,0.5,7,1,10.0,1e-05,0.1,10.0
882,20,0.5,7,1,10.0,1e-05,0.1,1000.0
883,20,0.5,7,1,10.0,1e-05,1.0,1e-05
884,20,0.5,7,1,10.0,1e-05,1.0,0.001
885,20,0.5,7,1,10.0,1e-05,1.0,0.1
886,20,0.5,7,1,10.0,1e-05,1.0,1.0
887,20,0.5,7,1,10.0,1e-05,1.0,10.0
888,20,0.5,7,1,10.0,1e-05,1.0,1000.0
889,20,0.5,7,1,10.0,1e-05,10.0,1e-05
890,20,0.5,7,1,10.0,1e-05,10.0,0.001
891,20,0.5,7,1,10.0,1e-05,10.0,0.1
892,20,0.5,7,1,10.0,1e-05,10.0,1.0
893,20,0.5,7,1,10.0,1e-05,10.0,10.0
894,20,0.5,7,1,10.0,1e-05,10.0,1000.0
895,20,0.5,7,1,10.0,1e-05,1000.0,1e-05
896,20,0.5,7,1,10.0,1e-05,1000.0,0.001
897,20,0.5,7,1,10.0,1e-05,1000.0,0.1
898,20,0.5,7,1,10.0,1e-05,1000.0,1.0
899,20,0.5,7,1,10.0,1e-05,1000.0,10.0
900,20,0.5,7,1,10.0,1e-05,1000.0,1000.0
901,20,0.5,7,1,10.0,0.001,1e-05,1e-05
902,20,0.5,7,1,10.0,0.001,1e-05,0.001
903,20,0.5,7,1,10.0,0.001,1e-05,0.1
904,20,0.5,7,1,10.0,0.001,1e-05,1.0
905,20,0.5,7,1,10.0,0.001,1e-05,10.0
906,20,0.5,7,1,10.0,0.001,1e-05,1000.0
907,20,0.5,7,1,10.0,0.001,0.001,1e-05
908,20,0.5,7,1,10.0,0.001,0.001,0.001
909,20,0.5,7,1,10.0,0.001,0.001,0.1
910,20,0.5,7,1,10.0,0.001,0.001,1.0
911,20,0.5,7,1,10.0,0.001,0.001,10.0
912,20,0.5,7,1,10.0,0.001,0.001,1000.0
913,20,0.5,7,1,10.0,0.001,0.1,1e-05
914,20,0.5,7,1,10.0,0.001,0.1,0.001
915,20,0.5,7,1,10.0,0.001,0.1,0.1
916,20,0.5,7,1,10.0,0.001,0.1,1.0
917,20,0.5,7,1,10.0,0.001,0.1,10.0
918,20,0.5,7,1,10.0,0.001,0.1,1000.0
919,20,0.5,7,1,10.0,0.001,1.0,1e-05
920,20,0.5,7,1,10.0,0.001,1.0,0.001
921,20,0.5,7,1,10.0,0.001,1.0,0.1
922,20,0.5,7,1,10.0,0.001,1.0,1.0
923,20,0.5,7,1,10.0,0.001,1.0,10.0
924,20,0.5,7,1,10.0,0.001,1.0,1000.0
925,20,0.5,7,1,10.0,0.001,10.0,1e-05
926,20,0.5,7,1,10.0,0.001,10.0,0.001
927,20,0.5,7,1,10.0,0.001,10.0,0.1
928,20,0.5,7,1,10.0,0.001,10.0,1.0
929,20,0.5,7,1,10.0,0.001,10.0,10.0
930,20,0.5,7,1,10.0,0.001,10.0,1000.0
931,20,0.5,7,1,10.0,0.001,1000.0,1e-05
932,20,0.5,7,1,10.0,0.001,1000.0,0.001
933,20,0.5,7,1,10.0,0.001,1000.0,0.1
934,20,0.5,7,1,10.0,0.001,1000.0,1.0
935,20,0.5,7,1,10.0,0.001,1000.0,10.0
936,20,0.5,7,1,10.0,0.001,1000.0,1000.0
937,20,0.5,7,1,10.0,0.1,1e-05,1e-05
938,20,0.5,7,1,10.0,0.1,1e-05,0.001
939,20,0.5,7,1,10.0,0.1,1e-05,0.1
940,20,0.5,7,1,10.0,0.1,1e-05,1.0
941,20,0.5,7,1,10.0,0.1,1e-05,10.0
942,20,0.5,7,1,10.0,0.1,1e-05,1000.0
943,20,0.5,7,1,10.0,0.1,0.001,1e-05
944,20,0.5,7,1,10.0,0.1,0.001,0.001
945,20,0.5,7,1,10.0,0.1,0.001,0.1
946,20,0.5,7,1,10.0,0.1,0.001,1.0
947,20,0.5,7,1,10.0,0.1,0.001,10.0
948,20,0.5,7,1,10.0,0.1,0.001,1000.0
949,20,0.5,7,1,10.0,0.1,0.1,1e-05
950,20,0.5,7,1,10.0,0.1,0.1,0.001
951,20,0.5,7,1,10.0,0.1,0.1,0.1
952,20,0.5,7,1,10.0,0.1,0.1,1.0
953,20,0.5,7,1,10.0,0.1,0.1,10.0
954,20,0.5,7,1,10.0,0.1,0.1,1000.0
955,20,0.5,7,1,10.0,0.1,1.0,1e-05
956,20,0.5,7,1,10.0,0.1,1.0,0.001
957,20,0.5,7,1,10.0,0.1,1.0,0.1
958,20,0.5,7,1,10.0,0.1,1.0,1.0
959,20,0.5,7,1,10.0,0.1,1.0,10.0
960,20,0.5,7,1,10.0,0.1,1.0,1000.0
961,20,0.5,7,1,10.0,0.1,10.0,1e-05
962,20,0.5,7,1,10.0,0.1,10.0,0.001
963,20,0.5,7,1,10.0,0.1,10.0,0.1
964,20,0.5,7,1,10.0,0.1,10.0,1.0
965,20,0.5,7,1,10.0,0.1,10.0,10.0
966,20,0.5,7,1,10.0,0.1,10.0,1000.0
967,20,0.5,7,1,10.0,0.1,1000.0,1e-05
968,20,0.5,7,1,10.0,0.1,1000.0,0.001
969,20,0.5,7,1,10.0,0.1,1000.0,0.1
970,20,0.5,7,1,10.0,0.1,1000.0,1.0
971,20,0.5,7,1,10.0,0.1,1000.0,10.0
972,20,0.5,7,1,10.0,0.1,1000.0,1000.0
973,20,0.5,7,1,10.0,1.0,1e-05,1e-05
974,20,0.5,7,1,10.0,1.0,1e-05,0.001
975,20,0.5,7,1,10.0,1.0,1e-05,0.1
976,20,0.5,7,1,10.0,1.0,1e-05,1.0
977,20,0.5,7,1,10.0,1.0,1e-05,10.0
978,20,0.5,7,1,10.0,1.0,1e-05,1000.0
979,20,0.5,7,1,10.0,1.0,0.001,1e-05
980,20,0.5,7,1,10.0,1.0,0.001,0.001
981,20,0.5,7,1,10.0,1.0,0.001,0.1
982,20,0.5,7,1,10.0,1.0,0.001,1.0
983,20,0.5,7,1,10.0,1.0,0.001,10.0
984,20,0.5,7,1,10.0,1.0,0.001,1000.0
985,20,0.5,7,1,10.0,1.0,0.1,1e-05
986,20,0.5,7,1,10.0,1.0,0.1,0.001
987,20,0.5,7,1,10.0,1.0,0.1,0.1
988,20,0.5,7,1,10.0,1.0,0.1,1.0
989,20,0.5,7,1,10.0,1.0,0.1,10.0
990,20,0.5,7,1,10.0,1.0,0.1,1000.0
991,20,0.5,7,1,10.0,1.0,1.0,1e-05
992,20,0.5,7,1,10.0,1.0,1.0,0.001
993,20,0.5,7,1,10.0,1.0,1.0,0.1
994,20,0.5,7,1,10.0,1.0,1.0,1.0
995,20,0.5,7,1,10.0,1.0,1.0,10.0
996,20,0.5,7,1,10.0,1.0,1.0,1000.0
997,20,0.5,7,1,10.0,1.0,10.0,1e-05
998,20,0.5,7,1,10.0,1.0,10.0,0.001
999,20,0.5,7,1,10.0,1.0,10.0,0.1
1000,20,0.5,7,1,10.0,1.0,10.0,1.0
1001,20,0.5,7,1,10.0,1.0,10.0,10.0
1002,20,0.5,7,1,10.0,1.0,10.0,1000.0
1003,20,0.5,7,1,10.0,1.0,1000.0,1e-05
1004,20,0.5,7,1,10.0,1.0,1000.0,0.001
1005,20,0.5,7,1,10.0,1.0,1000.0,0.1
1006,20,0.5,7,1,10.0,1.0,1000.0,1.0
1007,20,0.5,7,1,10.0,1.0,1000.0,10.0
1008,20,0.5,7,1,10.0,1.0,1000.0,1000.0
1009,20,0.5,7,1,10.0,10.0,1e-05,1e-05
1010,20,0.5,7,1,10.0,10.0,1e-05,0.001
1011,20,0.5,7,1,10.0,10.0,1e-05,0.1
1012,20,0.5,7,1,10.0,10.0,1e-05,1.0
1013,20,0.5,7,1,10.0,10.0,1e-05,10.0
1014,20,0.5,7,1,10.0,10.0,1e-05,1000.0
1015,20,0.5,7,1,10.0,10.0,0.001,1e-05
1016,20,0.5,7,1,10.0,10.0,0.001,0.001
1017,20,0.5,7,1,10.0,10.0,0.001,0.1
1018,20,0.5,7,1,10.0,10.0,0.001,1.0
1019,20,0.5,7,1,10.0,10.0,0.001,10.0
1020,20,0.5,7,1,10.0,10.0,0.001,1000.0
1021,20,0.5,7,1,10.0,10.0,0.1,1e-05
1022,20,0.5,7,1,10.0,10.0,0.1,0.001
1023,20,0.5,7,1,10.0,10.0,0.1,0.1
1024,20,0.5,7,1,10.0,10.0,0.1,1.0
1025,20,0.5,7,1,10.0,10.0,0.1,10.0
1026,20,0.5,7,1,10.0,10.0,0.1,1000.0
1027,20,0.5,7,1,10.0,10.0,1.0,1e-05
1028,20,0.5,7,1,10.0,10.0,1.0,0.001
1029,20,0.5,7,1,10.0,10.0,1.0,0.1
1030,20,0.5,7,1,10.0,10.0,1.0,1.0
1031,20,0.5,7,1,10.0,10.0,1.0,10.0
1032,20,0.5,7,1,10.0,10.0,1.0,1000.0
1033,20,0.5,7,1,10.0,10.0,10.0,1e-05
1034,20,0.5,7,1,10.0,10.0,10.0,0.001
1035,20,0.5,7,1,10.0,10.0,10.0,0.1
1036,20,0.5,7,1,10.0,10.0,10.0,1.0
1037,20,0.5,7,1,10.0,10.0,10.0,10.0
1038,20,0.5,7,1,10.0,10.0,10.0,1000.0
1039,20,0.5,7,1,10.0,10.0,1000.0,1e-05
1040,20,0.5,7,1,10.0,10.0,1000.0,0.001
1041,20,0.5,7,1,10.0,10.0,1000.0,0.1
1042,20,0.5,7,1,10.0,10.0,1000.0,1.0
1043,20,0.5,7,1,10.0,10.0,1000.0,10.0
1044,20,0.5,7,1,10.0,10.0,1000.0,1000.0
1045,20,0.5,7,1,10.0,1000.0,1e-05,1e-05
1046,20,0.5,7,1,10.0,1000.0,1e-05,0.001
1047,20,0.5,7,1,10.0,1000.0,1e-05,0.1
1048,20,0.5,7,1,10.0,1000.0,1e-05,1.0
1049,20,0.5,7,1,10.0,1000.0,1e-05,10.0
1050,20,0.5,7,1,10.0,1000.0,1e-05,1000.0
1051,20,0.5,7,1,10.0,1000.0,0.001,1e-05
1052,20,0.5,7,1,10.0,1000.0,0.001,0.001
1053,20,0.5,7,1,10.0,1000.0,0.001,0.1
1054,20,0.5,7,1,10.0,1000.0,0.001,1.0
1055,20,0.5,7,1,10.0,1000.0,0.001,10.0
1056,20,0.5,7,1,10.0,1000.0,0.001,1000.0
1057,20,0.5,7,1,10.0,1000.0,0.1,1e-05
1058,20,0.5,7,1,10.0,1000.0,0.1,0.001
1059,20,0.5,7,1,10.0,1000.0,0.1,0.1
1060,20,0.5,7,1,10.0,1000.0,0.1,1.0
1061,20,0.5,7,1,10.0,1000.0,0.1,10.0
1062,20,0.5,7,1,10.0,1000.0,0.1,1000.0
1063,20,0.5,7,1,10.0,1000.0,1.0,1e-05
1064,20,0.5,7,1,10.0,1000.0,1.0,0.001
1065,20,0.5,7,1,10.0,1000.0,1.0,0.1
1066,20,0.5,7,1,10.0,1000.0,1.0,1.0
1067,20,0.5,7,1,10.0,1000.0,1.0,10.0
1068,20,0.5,7,1,10.0,1000.0,1.0,1000.0
1069,20,0.5,7,1,10.0,1000.0,10.0,1e-05
1070,20,0.5,7,1,10.0,1000.0,10.0,0.001
1071,20,0.5,7,1,10.0,1000.0,10.0,0.1
1072,20,0.5,7,1,10.0,1000.0,10.0,1.0
1073,20,0.5,7,1,10.0,1000.0,10.0,10.0
1074,20,0.5,7,1,10.0,1000.0,10.0,1000.0
1075,20,0.5,7,1,10.0,1000.0,1000.0,1e-05
1076,20,0.5,7,1,10.0,1000.0,1000.0,0.001
1077,20,0.5,7,1,10.0,1000.0,1000.0,0.1
1078,20,0.5,7,1,10.0,1000.0,1000.0,1.0
1079,20,0.5,7,1,10.0,1000.0,1000.0,10.0
1080,20,0.5,7,1,10.0,1000.0,1000.0,1000.0
1081,20,0.5,7,1,1000.0,1e-05,1e-05,1e-05
1082,20,0.5,7,1,1000.0,1e-05,1e-05,0.001
1083,20,0.5,7,1,1000.0,1e-05,1e-05,0.1
1084,20,0.5,7,1,1000.0,1e-05,1e-05,1.0
1085,20,0.5,7,1,1000.0,1e-05,1e-05,10.0
1086,20,0.5,7,1,1000.0,1e-05,1e-05,1000.0
1087,20,0.5,7,1,1000.0,1e-05,0.001,1e-05
1088,20,0.5,7,1,1000.0,1e-05,0.001,0.001
1089,20,0.5,7,1,1000.0,1e-05,0.001,0.1
1090,20,0.5,7,1,1000.0,1e-05,0.001,1.0
1091,20,0.5,7,1,1000.0,1e-05,0.001,10.0
1092,20,0.5,7,1,1000.0,1e-05,0.001,1000.0
1093,20,0.5,7,1,1000.0,1e-05,0.1,1e-05
1094,20,0.5,7,1,1000.0,1e-05,0.1,0.001
1095,20,0.5,7,1,1000.0,1e-05,0.1,0.1
1096,20,0.5,7,1,1000.0,1e-05,0.1,1.0
1097,20,0.5,7,1,1000.0,1e-05,0.1,10.0
1098,20,0.5,7,1,1000.0,1e-05,0.1,1000.0
1099,20,0.5,7,1,1000.0,1e-05,1.0,1e-05
1100,20,0.5,7,1,1000.0,1e-05,1.0,0.001
1101,20,0.5,7,1,1000.0,1e-05,1.0,0.1
1102,20,0.5,7,1,1000.0,1e-05,1.0,1.0
1103,20,0.5,7,1,1000.0,1e-05,1.0,10.0
1104,20,0.5,7,1,1000.0,1e-05,1.0,1000.0
1105,20,0.5,7,1,1000.0,1e-05,10.0,1e-05
1106,20,0.5,7,1,1000.0,1e-05,10.0,0.001
1107,20,0.5,7,1,1000.0,1e-05,10.0,0.1
1108,20,0.5,7,1,1000.0,1e-05,10.0,1.0
1109,20,0.5,7,1,1000.0,1e-05,10.0,10.0
1110,20,0.5,7,1,1000.0,1e-05,10.0,1000.0
1111,20,0.5,7,1,1000.0,1e-05,1000.0,1e-05
1112,20,0.5,7,1,1000.0,1e-05,1000.0,0.001
1113,20,0.5,7,1,1000.0,1e-05,1000.0,0.1
1114,20,0.5,7,1,1000.0,1e-05,1000.0,1.0
1115,20,0.5,7,1,1000.0,1e-05,1000.0,10.0
1116,20,0.5,7,1,1000.0,1e-05,1000.0,1000.0
1117,20,0.5,7,1,1000.0,0.001,1e-05,1e-05
1118,20,0.5,7,1,1000.0,0.001,1e-05,0.001
1119,20,0.5,7,1,1000.0,0.001,1e-05,0.1
1120,20,0.5,7,1,1000.0,0.001,1e-05,1.0
1121,20,0.5,7,1,1000.0,0.001,1e-05,10.0
1122,20,0.5,7,1,1000.0,0.001,1e-05,1000.0
1123,20,0.5,7,1,1000.0,0.001,0.001,1e-05
1124,20,0.5,7,1,1000.0,0.001,0.001,0.001
1125,20,0.5,7,1,1000.0,0.001,0.001,0.1
1126,20,0.5,7,1,1000.0,0.001,0.001,1.0
1127,20,0.5,7,1,1000.0,0.001,0.001,10.0
1128,20,0.5,7,1,1000.0,0.001,0.001,1000.0
1129,20,0.5,7,1,1000.0,0.001,0.1,1e-05
1130,20,0.5,7,1,1000.0,0.001,0.1,0.001
1131,20,0.5,7,1,1000.0,0.001,0.1,0.1
1132,20,0.5,7,1,1000.0,0.001,0.1,1.0
1133,20,0.5,7,1,1000.0,0.001,0.1,10.0
1134,20,0.5,7,1,1000.0,0.001,0.1,1000.0
1135,20,0.5,7,1,1000.0,0.001,1.0,1e-05
1136,20,0.5,7,1,1000.0,0.001,1.0,0.001
1137,20,0.5,7,1,1000.0,0.001,1.0,0.1
1138,20,0.5,7,1,1000.0,0.001,1.0,1.0
1139,20,0.5,7,1,1000.0,0.001,1.0,10.0
1140,20,0.5,7,1,1000.0,0.001,1.0,1000.0
1141,20,0.5,7,1,1000.0,0.001,10.0,1e-05
1142,20,0.5,7,1,1000.0,0.001,10.0,0.001
1143,20,0.5,7,1,1000.0,0.001,10.0,0.1
1144,20,0.5,7,1,1000.0,0.001,10.0,1.0
1145,20,0.5,7,1,1000.0,0.001,10.0,10.0
1146,20,0.5,7,1,1000.0,0.001,10.0,1000.0
1147,20,0.5,7,1,1000.0,0.001,1000.0,1e-05
1148,20,0.5,7,1,1000.0,0.001,1000.0,0.001
1149,20,0.5,7,1,1000.0,0.001,1000.0,0.1
1150,20,0.5,7,1,1000.0,0.001,1000.0,1.0
1151,20,0.5,7,1,1000.0,0.001,1000.0,10.0
1152,20,0.5,7,1,1000.0,0.001,1000.0,1000.0
1153,20,0.5,7,1,1000.0,0.1,1e-05,1e-05
1154,20,0.5,7,1,1000.0,0.1,1e-05,0.001
1155,20,0.5,7,1,1000.0,0.1,1e-05,0.1
1156,20,0.5,7,1,1000.0,0.1,1e-05,1.0
1157,20,0.5,7,1,1000.0,0.1,1e-05,10.0
1158,20,0.5,7,1,1000.0,0.1,1e-05,1000.0
1159,20,0.5,7,1,1000.0,0.1,0.001,1e-05
1160,20,0.5,7,1,1000.0,0.1,0.001,0.001
1161,20,0.5,7,1,1000.0,0.1,0.001,0.1
1162,20,0.5,7,1,1000.0,0.1,0.001,1.0
1163,20,0.5,7,1,1000.0,0.1,0.001,10.0
1164,20,0.5,7,1,1000.0,0.1,0.001,1000.0
1165,20,0.5,7,1,1000.0,0.1,0.1,1e-05
1166,20,0.5,7,1,1000.0,0.1,0.1,0.001
1167,20,0.5,7,1,1000.0,0.1,0.1,0.1
1168,20,0.5,7,1,1000.0,0.1,0.1,1.0
1169,20,0.5,7,1,1000.0,0.1,0.1,10.0
1170,20,0.5,7,1,1000.0,0.1,0.1,1000.0
1171,20,0.5,7,1,1000.0,0.1,1.0,1e-05
1172,20,0.5,7,1,1000.0,0.1,1.0,0.001
1173,20,0.5,7,1,1000.0,0.1,1.0,0.1
1174,20,0.5,7,1,1000.0,0.1,1.0,1.0
1175,20,0.5,7,1,1000.0,0.1,1.0,10.0
1176,20,0.5,7,1,1000.0,0.1,1.0,1000.0
1177,20,0.5,7,1,1000.0,0.1,10.0,1e-05
1178,20,0.5,7,1,1000.0,0.1,10.0,0.001
1179,20,0.5,7,1,1000.0,0.1,10.0,0.1
1180,20,0.5,7,1,1000.0,0.1,10.0,1.0
1181,20,0.5,7,1,1000.0,0.1,10.0,10.0
1182,20,0.5,7,1,1000.0,0.1,10.0,1000.0
1183,20,0.5,7,1,1000.0,0.1,1000.0,1e-05
1184,20,0.5,7,1,1000.0,0.1,1000.0,0.001
1185,20,0.5,7,1,1000.0,0.1,1000.0,0.1
1186,20,0.5,7,1,1000.0,0.1,1000.0,1.0
1187,20,0.5,7,1,1000.0,0.1,1000.0,10.0
1188,20,0.5,7,1,1000.0,0.1,1000.0,1000.0
1189,20,0.5,7,1,1000.0,1.0,1e-05,1e-05
1190,20,0.5,7,1,1000.0,1.0,1e-05,0.001
1191,20,0.5,7,1,1000.0,1.0,1e-05,0.1
1192,20,0.5,7,1,1000.0,1.0,1e-05,1.0
1193,20,0.5,7,1,1000.0,1.0,1e-05,10.0
1194,20,0.5,7,1,1000.0,1.0,1e-05,1000.0
1195,20,0.5,7,1,1000.0,1.0,0.001,1e-05
1196,20,0.5,7,1,1000.0,1.0,0.001,0.001
1197,20,0.5,7,1,1000.0,1.0,0.001,0.1
1198,20,0.5,7,1,1000.0,1.0,0.001,1.0
1199,20,0.5,7,1,1000.0,1.0,0.001,10.0
1200,20,0.5,7,1,1000.0,1.0,0.001,1000.0
1201,20,0.5,7,1,1000.0,1.0,0.1,1e-05
1202,20,0.5,7,1,1000.0,1.0,0.1,0.001
1203,20,0.5,7,1,1000.0,1.0,0.1,0.1
1204,20,0.5,7,1,1000.0,1.0,0.1,1.0
1205,20,0.5,7,1,1000.0,1.0,0.1,10.0
1206,20,0.5,7,1,1000.0,1.0,0.1,1000.0
1207,20,0.5,7,1,1000.0,1.0,1.0,1e-05
1208,20,0.5,7,1,1000.0,1.0,1.0,0.001
1209,20,0.5,7,1,1000.0,1.0,1.0,0.1
1210,20,0.5,7,1,1000.0,1.0,1.0,1.0
1211,20,0.5,7,1,1000.0,1.0,1.0,10.0
1212,20,0.5,7,1,1000.0,1.0,1.0,1000.0
1213,20,0.5,7,1,1000.0,1.0,10.0,1e-05
1214,20,0.5,7,1,1000.0,1.0,10.0,0.001
1215,20,0.5,7,1,1000.0,1.0,10.0,0.1
1216,20,0.5,7,1,1000.0,1.0,10.0,1.0
1217,20,0.5,7,1,1000.0,1.0,10.0,10.0
1218,20,0.5,7,1,1000.0,1.0,10.0,1000.0
1219,20,0.5,7,1,1000.0,1.0,1000.0,1e-05
1220,20,0.5,7,1,1000.0,1.0,1000.0,0.001
1221,20,0.5,7,1,1000.0,1.0,1000.0,0.1
1222,20,0.5,7,1,1000.0,1.0,1000.0,1.0
1223,20,0.5,7,1,1000.0,1.0,1000.0,10.0
1224,20,0.5,7,1,1000.0,1.0,1000.0,1000.0
1225,20,0.5,7,1,1000.0,10.0,1e-05,1e-05
1226,20,0.5,7,1,1000.0,10.0,1e-05,0.001
1227,20,0.5,7,1,1000.0,10.0,1e-05,0.1
1228,20,0.5,7,1,1000.0,10.0,1e-05,1.0
1229,20,0.5,7,1,1000.0,10.0,1e-05,10.0
1230,20,0.5,7,1,1000.0,10.0,1e-05,1000.0
1231,20,0.5,7,1,1000.0,10.0,0.001,1e-05
1232,20,0.5,7,1,1000.0,10.0,0.001,0.001
1233,20,0.5,7,1,1000.0,10.0,0.001,0.1
1234,20,0.5,7,1,1000.0,10.0,0.001,1.0
1235,20,0.5,7,1,1000.0,10.0,0.001,10.0
1236,20,0.5,7,1,1000.0,10.0,0.001,1000.0
1237,20,0.5,7,1,1000.0,10.0,0.1,1e-05
1238,20,0.5,7,1,1000.0,10.0,0.1,0.001
1239,20,0.5,7,1,1000.0,10.0,0.1,0.1
1240,20,0.5,7,1,1000.0,10.0,0.1,1.0
1241,20,0.5,7,1,1000.0,10.0,0.1,10.0
1242,20,0.5,7,1,1000.0,10.0,0.1,1000.0
1243,20,0.5,7,1,1000.0,10.0,1.0,1e-05
1244,20,0.5,7,1,1000.0,10.0,1.0,0.001
1245,20,0.5,7,1,1000.0,10.0,1.0,0.1
1246,20,0.5,7,1,1000.0,10.0,1.0,1.0
1247,20,0.5,7,1,1000.0,10.0,1.0,10.0
1248,20,0.5,7,1,1000.0,10.0,1.0,1000.0
1249,20,0.5,7,1,1000.0,10.0,10.0,1e-05
1250,20,0.5,7,1,1000.0,10.0,10.0,0.001
1251,20,0.5,7,1,1000.0,10.0,10.0,0.1
1252,20,0.5,7,1,1000.0,10.0,10.0,1.0
1253,20,0.5,7,1,1000.0,10.0,10.0,10.0
1254,20,0.5,7,1,1000.0,10.0,10.0,1000.0
1255,20,0.5,7,1,1000.0,10.0,1000.0,1e-05
1256,20,0.5,7,1,1000.0,10.0,1000.0,0.001
1257,20,0.5,7,1,1000.0,10.0,1000.0,0.1
1258,20,0.5,7,1,1000.0,10.0,1000.0,1.0
1259,20,0.5,7,1,1000.0,10.0,1000.0,10.0
1260,20,0.5,7,1,1000.0,10.0,1000.0,1000.0
1261,20,0.5,7,1,1000.0,1000.0,1e-05,1e-05
1262,20,0.5,7,1,1000.0,1000.0,1e-05,0.001
1263,20,0.5,7,1,1000.0,1000.0,1e-05,0.1
1264,20,0.5,7,1,1000.0,1000.0,1e-05,1.0
1265,20,0.5,7,1,1000.0,1000.0,1e-05,10.0
1266,20,0.5,7,1,1000.0,1000.0,1e-05,1000.0
1267,20,0.5,7,1,1000.0,1000.0,0.001,1e-05
1268,20,0.5,7,1,1000.0,1000.0,0.001,0.001
1269,20,0.5,7,1,1000.0,1000.0,0.001,0.1
1270,20,0.5,7,1,1000.0,1000.0,0.001,1.0
1271,20,0.5,7,1,1000.0,1000.0,0.001,10.0
1272,20,0.5,7,1,1000.0,1000.0,0.001,1000.0
1273,20,0.5,7,1,1000.0,1000.0,0.1,1e-05
1274,20,0.5,7,1,1000.0,1000.0,0.1,0.001
1275,20,0.5,7,1,1000.0,1000.0,0.1,0.1
1276,20,0.5,7,1,1000.0,1000.0,0.1,1.0
1277,20,0.5,7,1,1000.0,1000.0,0.1,10.0
1278,20,0.5,7,1,1000.0,1000.0,0.1,1000.0
1279,20,0.5,7,1,1000.0,1000.0,1.0,1e-05
1280,20,0.5,7,1,1000.0,1000.0,1.0,0.001
1281,20,0.5,7,1,1000.0,1000.0,1.0,0.1
1282,20,0.5,7,1,1000.0,1000.0,1.0,1.0
1283,20,0.5,7,1,1000.0,1000.0,1.0,10.0
1284,20,0.5,7,1,1000.0,1000.0,1.0,1000.0
1285,20,0.5,7,1,1000.0,1000.0,10.0,1e-05
1286,20,0.5,7,1,1000.0,1000.0,10.0,0.001
1287,20,0.5,7,1,1000.0,1000.0,10.0,0.1
1288,20,0.5,7,1,1000.0,1000.0,10.0,1.0
1289,20,0.5,7,1,1000.0,1000.0,10.0,10.0
1290,20,0.5,7,1,1000.0,1000.0,10.0,1000.0
1291,20,0.5,7,1,1000.0,1000.0,1000.0,1e-05
1292,20,0.5,7,1,1000.0,1000.0,1000.0,0.001
1293,20,0.5,7,1,1000.0,1000.0,1000.0,0.1
1294,20,0.5,7,1,1000.0,1000.0,1000.0,1.0
1295,20,0.5,7,1,1000.0,1000.0,1000.0,10.0
1296,20,0.5,7,1,1000.0,1000.0,1000.0,1000.0
